<?xml version="1.0" encoding="utf-8"?>
<feed xmlns="http://www.w3.org/2005/Atom">
  <title>罗凯的博客</title>
  
  <subtitle>l u o k a i</subtitle>
  <link href="/atom.xml" rel="self"/>
  
  <link href="http://luokaiii.github.io/"/>
  <updated>2019-07-04T09:03:02.472Z</updated>
  <id>http://luokaiii.github.io/</id>
  
  <author>
    <name>koral</name>
    
  </author>
  
  <generator uri="http://hexo.io/">Hexo</generator>
  
  <entry>
    <title>2019年目标</title>
    <link href="http://luokaiii.github.io/2019/12/30/blog/2019/"/>
    <id>http://luokaiii.github.io/2019/12/30/blog/2019/</id>
    <published>2019-12-30T08:51:15.000Z</published>
    <updated>2019-07-04T09:03:02.472Z</updated>
    
    <summary type="html">
    
      &lt;p&gt;&lt;img src=&quot;https://koral-home.oss-cn-beijing.aliyuncs.com/2019/new-year-3667925_960_720.jpg&quot; alt=&quot;2019&quot;&gt;&lt;/p&gt;
    
    </summary>
    
    
  </entry>
  
  <entry>
    <title>《Java并发编程的艺术》读书笔记 - 目录</title>
    <link href="http://luokaiii.github.io/2019/12/01/%E8%AF%BB%E4%B9%A6%E7%AC%94%E8%AE%B0/%E3%80%8AJava%E5%B9%B6%E5%8F%91%E7%BC%96%E7%A8%8B%E7%9A%84%E8%89%BA%E6%9C%AF%E3%80%8B/0.0_%E7%9B%AE%E5%BD%95/"/>
    <id>http://luokaiii.github.io/2019/12/01/读书笔记/《Java并发编程的艺术》/0.0_目录/</id>
    <published>2019-12-01T15:59:59.000Z</published>
    <updated>2019-07-01T02:49:01.433Z</updated>
    
    <summary type="html">
    
      &lt;p&gt;&lt;img src=&quot;https://images.gitbook.cn/FqT6_h3A4raxz0Sw6-cR9o8TdQIo?imageView2/2/h/500&quot; alt=&quot;Java并发编程的艺术&quot;&gt;&lt;/p&gt;
    
    </summary>
    
      <category term="Java并发编程的艺术" scheme="http://luokaiii.github.io/categories/Java%E5%B9%B6%E5%8F%91%E7%BC%96%E7%A8%8B%E7%9A%84%E8%89%BA%E6%9C%AF/"/>
    
    
      <category term="读书笔记" scheme="http://luokaiii.github.io/tags/%E8%AF%BB%E4%B9%A6%E7%AC%94%E8%AE%B0/"/>
    
      <category term="并发编程" scheme="http://luokaiii.github.io/tags/%E5%B9%B6%E5%8F%91%E7%BC%96%E7%A8%8B/"/>
    
      <category term="高并发" scheme="http://luokaiii.github.io/tags/%E9%AB%98%E5%B9%B6%E5%8F%91/"/>
    
  </entry>
  
  <entry>
    <title>《JAVA 核心知识点整理》读书笔记 - 目录</title>
    <link href="http://luokaiii.github.io/2019/12/01/%E8%AF%BB%E4%B9%A6%E7%AC%94%E8%AE%B0/%E3%80%8AJava%E6%A0%B8%E5%BF%83%E7%9F%A5%E8%AF%86%E7%82%B9%E6%95%B4%E7%90%86%E3%80%8B/0.%E7%9B%AE%E5%BD%95/"/>
    <id>http://luokaiii.github.io/2019/12/01/读书笔记/《Java核心知识点整理》/0.目录/</id>
    <published>2019-12-01T06:00:00.000Z</published>
    <updated>2019-07-01T02:49:01.444Z</updated>
    
    <summary type="html">
    
      
      
        
        
          &lt;p&gt;&lt;img src=&quot;https://luokaiii.oss-cn-shanghai.aliyuncs.com/blog/java-core/java.png&quot; alt=&quot;JAVA 核心知识点整理&quot;&gt;&lt;/p&gt;
&lt;h1 id=&quot;JAVA-核心知识点整理-目录&quot;&gt;&lt;a
        
      
    
    </summary>
    
      <category term="JAVA 核心知识点整理" scheme="http://luokaiii.github.io/categories/JAVA-%E6%A0%B8%E5%BF%83%E7%9F%A5%E8%AF%86%E7%82%B9%E6%95%B4%E7%90%86/"/>
    
    
      <category term="读书笔记" scheme="http://luokaiii.github.io/tags/%E8%AF%BB%E4%B9%A6%E7%AC%94%E8%AE%B0/"/>
    
  </entry>
  
  <entry>
    <title>《高性能MySQL》读书笔记 - 目录</title>
    <link href="http://luokaiii.github.io/2019/11/30/%E8%AF%BB%E4%B9%A6%E7%AC%94%E8%AE%B0/%E3%80%8A%E9%AB%98%E6%80%A7%E8%83%BDMySQL%E3%80%8B/0.%E7%9B%AE%E5%BD%95/"/>
    <id>http://luokaiii.github.io/2019/11/30/读书笔记/《高性能MySQL》/0.目录/</id>
    <published>2019-11-30T15:59:59.000Z</published>
    <updated>2019-07-01T02:49:01.462Z</updated>
    
    <summary type="html">
    
      &lt;p&gt;&lt;img src=&quot;https://luokaiii.oss-cn-shanghai.aliyuncs.com/blog/mysql/mysql-cover.png&quot; alt=&quot;高性能MySQL&quot;&gt;&lt;/p&gt;
    
    </summary>
    
      <category term="高性能MySQL" scheme="http://luokaiii.github.io/categories/%E9%AB%98%E6%80%A7%E8%83%BDMySQL/"/>
    
    
      <category term="MySQL" scheme="http://luokaiii.github.io/tags/MySQL/"/>
    
      <category term="数据库" scheme="http://luokaiii.github.io/tags/%E6%95%B0%E6%8D%AE%E5%BA%93/"/>
    
  </entry>
  
  <entry>
    <title></title>
    <link href="http://luokaiii.github.io/2019/07/15/%E8%AF%BB%E4%B9%A6%E7%AC%94%E8%AE%B0/%E3%80%8AJavaDesignPatterns%E3%80%8B/17.%E5%91%BD%E4%BB%A4%E6%A8%A1%E5%BC%8F/"/>
    <id>http://luokaiii.github.io/2019/07/15/读书笔记/《JavaDesignPatterns》/17.命令模式/</id>
    <published>2019-07-15T08:47:51.584Z</published>
    <updated>2019-07-15T08:47:51.584Z</updated>
    
    <summary type="html">
    
    </summary>
    
    
  </entry>
  
  <entry>
    <title>《Java Design Patterns》第十四章 责任链模式</title>
    <link href="http://luokaiii.github.io/2019/07/15/%E8%AF%BB%E4%B9%A6%E7%AC%94%E8%AE%B0/%E3%80%8AJavaDesignPatterns%E3%80%8B/16.%E8%B4%A3%E4%BB%BB%E9%93%BE%E6%A8%A1%E5%BC%8F/"/>
    <id>http://luokaiii.github.io/2019/07/15/读书笔记/《JavaDesignPatterns》/16.责任链模式/</id>
    <published>2019-07-15T08:45:00.000Z</published>
    <updated>2019-07-15T08:46:26.678Z</updated>
    
    <summary type="html">
    
      &lt;p&gt;&lt;img src=&quot;https://i.loli.net/2019/07/15/5d2c3670b923754379.png&quot; alt=&quot;责任链模式&quot;&gt;&lt;/p&gt;
    
    </summary>
    
      <category term="设计模式" scheme="http://luokaiii.github.io/categories/%E8%AE%BE%E8%AE%A1%E6%A8%A1%E5%BC%8F/"/>
    
    
      <category term="读书笔记" scheme="http://luokaiii.github.io/tags/%E8%AF%BB%E4%B9%A6%E7%AC%94%E8%AE%B0/"/>
    
  </entry>
  
  <entry>
    <title>《Java Design Patterns》第十三章 代理模式</title>
    <link href="http://luokaiii.github.io/2019/07/15/%E8%AF%BB%E4%B9%A6%E7%AC%94%E8%AE%B0/%E3%80%8AJavaDesignPatterns%E3%80%8B/15.%E4%BB%A3%E7%90%86%E6%A8%A1%E5%BC%8F/"/>
    <id>http://luokaiii.github.io/2019/07/15/读书笔记/《JavaDesignPatterns》/15.代理模式/</id>
    <published>2019-07-15T05:23:00.000Z</published>
    <updated>2019-07-15T05:23:43.857Z</updated>
    
    <summary type="html">
    
      
      
        
        
          &lt;h1 id=&quot;第十三章-代理模式&quot;&gt;&lt;a href=&quot;#第十三章-代理模式&quot; class=&quot;headerlink&quot; title=&quot;第十三章 代理模式&quot;&gt;&lt;/a&gt;第十三章 代理模式&lt;/h1&gt;&lt;p&gt;代理模式是常用的 &lt;code&gt;对象结构型设计模式&lt;/code&gt;
        
      
    
    </summary>
    
      <category term="设计模式" scheme="http://luokaiii.github.io/categories/%E8%AE%BE%E8%AE%A1%E6%A8%A1%E5%BC%8F/"/>
    
    
      <category term="读书笔记" scheme="http://luokaiii.github.io/tags/%E8%AF%BB%E4%B9%A6%E7%AC%94%E8%AE%B0/"/>
    
  </entry>
  
  <entry>
    <title></title>
    <link href="http://luokaiii.github.io/2019/07/12/leetcode/%E7%AC%AC%E4%B8%80%E7%AB%A0-%E5%88%9D%E7%BA%A7%E7%AE%97%E6%B3%95/%E5%AD%97%E7%AC%A6%E4%B8%B2/5.%E9%AA%8C%E8%AF%81%E5%9B%9E%E6%96%87%E5%AD%97%E7%AC%A6%E4%B8%B2/"/>
    <id>http://luokaiii.github.io/2019/07/12/leetcode/第一章-初级算法/字符串/5.验证回文字符串/</id>
    <published>2019-07-12T10:03:47.889Z</published>
    <updated>2019-07-12T10:07:38.760Z</updated>
    
    <summary type="html">
    
      
      
        
        
          &lt;pre class=&quot; language-java&quot;&gt;&lt;code class=&quot;language-java&quot;&gt;&lt;span class=&quot;token comment&quot; spellcheck=&quot;true&quot;&gt;/**
 * 验证回文字符串
 *
        
      
    
    </summary>
    
    
  </entry>
  
  <entry>
    <title>《Java Design Patterns》第十二章 享元模式</title>
    <link href="http://luokaiii.github.io/2019/07/12/%E8%AF%BB%E4%B9%A6%E7%AC%94%E8%AE%B0/%E3%80%8AJavaDesignPatterns%E3%80%8B/14.%E4%BA%AB%E5%85%83%E6%A8%A1%E5%BC%8F/"/>
    <id>http://luokaiii.github.io/2019/07/12/读书笔记/《JavaDesignPatterns》/14.享元模式/</id>
    <published>2019-07-12T09:33:00.000Z</published>
    <updated>2019-07-12T09:33:18.873Z</updated>
    
    <summary type="html">
    
      
      
        
        
          &lt;h1 id=&quot;第十二章-享元模式&quot;&gt;&lt;a href=&quot;#第十二章-享元模式&quot; class=&quot;headerlink&quot; title=&quot;第十二章 享元模式&quot;&gt;&lt;/a&gt;第十二章 享元模式&lt;/h1&gt;&lt;p&gt;在Java开发或者面试过程中，经常会遇到一个面试题：&lt;/p&gt;
&lt;pre
        
      
    
    </summary>
    
      <category term="设计模式" scheme="http://luokaiii.github.io/categories/%E8%AE%BE%E8%AE%A1%E6%A8%A1%E5%BC%8F/"/>
    
    
      <category term="读书笔记" scheme="http://luokaiii.github.io/tags/%E8%AF%BB%E4%B9%A6%E7%AC%94%E8%AE%B0/"/>
    
  </entry>
  
  <entry>
    <title>《Java Design Patterns》第十一章 外观模式</title>
    <link href="http://luokaiii.github.io/2019/07/11/%E8%AF%BB%E4%B9%A6%E7%AC%94%E8%AE%B0/%E3%80%8AJavaDesignPatterns%E3%80%8B/13.%E5%A4%96%E8%A7%82%E6%A8%A1%E5%BC%8F/"/>
    <id>http://luokaiii.github.io/2019/07/11/读书笔记/《JavaDesignPatterns》/13.外观模式/</id>
    <published>2019-07-11T10:17:00.000Z</published>
    <updated>2019-07-11T10:22:57.496Z</updated>
    
    <summary type="html">
    
      
      
        
        
          &lt;h1 id=&quot;第十一章-外观模式&quot;&gt;&lt;a href=&quot;#第十一章-外观模式&quot; class=&quot;headerlink&quot; title=&quot;第十一章 外观模式&quot;&gt;&lt;/a&gt;第十一章 外观模式&lt;/h1&gt;&lt;h2 id=&quot;一、外观模式&quot;&gt;&lt;a href=&quot;#一、外观模式&quot;
        
      
    
    </summary>
    
      <category term="设计模式" scheme="http://luokaiii.github.io/categories/%E8%AE%BE%E8%AE%A1%E6%A8%A1%E5%BC%8F/"/>
    
    
      <category term="读书笔记" scheme="http://luokaiii.github.io/tags/%E8%AF%BB%E4%B9%A6%E7%AC%94%E8%AE%B0/"/>
    
  </entry>
  
  <entry>
    <title>《Java Design Patterns》第十章 装饰模式 - 扩展系统功能</title>
    <link href="http://luokaiii.github.io/2019/07/11/%E8%AF%BB%E4%B9%A6%E7%AC%94%E8%AE%B0/%E3%80%8AJavaDesignPatterns%E3%80%8B/12.%E8%A3%85%E9%A5%B0%E6%A8%A1%E5%BC%8F/"/>
    <id>http://luokaiii.github.io/2019/07/11/读书笔记/《JavaDesignPatterns》/12.装饰模式/</id>
    <published>2019-07-11T09:31:00.000Z</published>
    <updated>2019-07-11T09:31:40.218Z</updated>
    
    <summary type="html">
    
      
      
        
        
          &lt;h1 id=&quot;第十章-装饰模式-扩展系统功能&quot;&gt;&lt;a href=&quot;#第十章-装饰模式-扩展系统功能&quot; class=&quot;headerlink&quot; title=&quot;第十章 装饰模式 - 扩展系统功能&quot;&gt;&lt;/a&gt;第十章 装饰模式 -
        
      
    
    </summary>
    
      <category term="设计模式" scheme="http://luokaiii.github.io/categories/%E8%AE%BE%E8%AE%A1%E6%A8%A1%E5%BC%8F/"/>
    
    
      <category term="读书笔记" scheme="http://luokaiii.github.io/tags/%E8%AF%BB%E4%B9%A6%E7%AC%94%E8%AE%B0/"/>
    
  </entry>
  
  <entry>
    <title></title>
    <link href="http://luokaiii.github.io/2019/07/10/http/websocket/websocket/"/>
    <id>http://luokaiii.github.io/2019/07/10/http/websocket/websocket/</id>
    <published>2019-07-10T06:04:49.945Z</published>
    <updated>2019-07-10T06:05:19.642Z</updated>
    
    <summary type="html">
    
      
      
        
        
          &lt;pre class=&quot; language-java&quot;&gt;&lt;code class=&quot;language-java&quot;&gt;    &lt;span class=&quot;token comment&quot; spellcheck=&quot;true&quot;&gt;/**
     * Handle incoming
        
      
    
    </summary>
    
    
  </entry>
  
  <entry>
    <title>《Java Design Patterns》第九章 组合模式 - 树形结构的处理</title>
    <link href="http://luokaiii.github.io/2019/07/09/%E8%AF%BB%E4%B9%A6%E7%AC%94%E8%AE%B0/%E3%80%8AJavaDesignPatterns%E3%80%8B/11.%E7%BB%84%E5%90%88%E6%A8%A1%E5%BC%8F/"/>
    <id>http://luokaiii.github.io/2019/07/09/读书笔记/《JavaDesignPatterns》/11.组合模式/</id>
    <published>2019-07-09T10:11:00.000Z</published>
    <updated>2019-07-09T10:11:30.243Z</updated>
    
    <summary type="html">
    
      
      
        
        
          &lt;h1 id=&quot;第九章-组合模式-树形结构的处理&quot;&gt;&lt;a href=&quot;#第九章-组合模式-树形结构的处理&quot; class=&quot;headerlink&quot; title=&quot;第九章 组合模式 - 树形结构的处理&quot;&gt;&lt;/a&gt;第九章 组合模式 - 树形结构的处理&lt;/h1&gt;&lt;h2
        
      
    
    </summary>
    
      <category term="设计模式" scheme="http://luokaiii.github.io/categories/%E8%AE%BE%E8%AE%A1%E6%A8%A1%E5%BC%8F/"/>
    
    
      <category term="读书笔记" scheme="http://luokaiii.github.io/tags/%E8%AF%BB%E4%B9%A6%E7%AC%94%E8%AE%B0/"/>
    
  </entry>
  
  <entry>
    <title></title>
    <link href="http://luokaiii.github.io/2019/07/09/spring/spring-messaging/spring-message%E6%A8%A1%E5%9D%97%E8%A7%A3%E6%9E%90/"/>
    <id>http://luokaiii.github.io/2019/07/09/spring/spring-messaging/spring-message模块解析/</id>
    <published>2019-07-09T06:35:11.962Z</published>
    <updated>2019-07-09T08:50:22.253Z</updated>
    
    <summary type="html">
    
      
      
        
        
          &lt;h1 id=&quot;spring-messaging模块解析&quot;&gt;&lt;a href=&quot;#spring-messaging模块解析&quot; class=&quot;headerlink&quot;
        
      
    
    </summary>
    
    
  </entry>
  
  <entry>
    <title>《Java Design Patterns》第八章 桥接模式 - 处理多维度变化</title>
    <link href="http://luokaiii.github.io/2019/07/08/%E8%AF%BB%E4%B9%A6%E7%AC%94%E8%AE%B0/%E3%80%8AJavaDesignPatterns%E3%80%8B/10.%E6%A1%A5%E6%8E%A5%E6%A8%A1%E5%BC%8F/"/>
    <id>http://luokaiii.github.io/2019/07/08/读书笔记/《JavaDesignPatterns》/10.桥接模式/</id>
    <published>2019-07-08T10:15:00.000Z</published>
    <updated>2019-07-08T10:15:38.941Z</updated>
    
    <summary type="html">
    
      
      
        
        
          &lt;h1 id=&quot;第八章-桥接模式-处理多维度变化&quot;&gt;&lt;a href=&quot;#第八章-桥接模式-处理多维度变化&quot; class=&quot;headerlink&quot; title=&quot;第八章 桥接模式 - 处理多维度变化&quot;&gt;&lt;/a&gt;第八章 桥接模式 - 处理多维度变化&lt;/h1&gt;&lt;h2
        
      
    
    </summary>
    
      <category term="设计模式" scheme="http://luokaiii.github.io/categories/%E8%AE%BE%E8%AE%A1%E6%A8%A1%E5%BC%8F/"/>
    
    
      <category term="读书笔记" scheme="http://luokaiii.github.io/tags/%E8%AF%BB%E4%B9%A6%E7%AC%94%E8%AE%B0/"/>
    
  </entry>
  
  <entry>
    <title>《Java Design Patterns》第七章 适配器模式 - 不兼容结构的协调</title>
    <link href="http://luokaiii.github.io/2019/07/06/%E8%AF%BB%E4%B9%A6%E7%AC%94%E8%AE%B0/%E3%80%8AJavaDesignPatterns%E3%80%8B/9.%E9%80%82%E9%85%8D%E5%99%A8%E6%A8%A1%E5%BC%8F/"/>
    <id>http://luokaiii.github.io/2019/07/06/读书笔记/《JavaDesignPatterns》/9.适配器模式/</id>
    <published>2019-07-06T09:20:00.000Z</published>
    <updated>2019-07-09T02:48:17.947Z</updated>
    
    <summary type="html">
    
      
      
        
        
          &lt;h1 id=&quot;第七章-适配器模式-不兼容结构的协调&quot;&gt;&lt;a href=&quot;#第七章-适配器模式-不兼容结构的协调&quot; class=&quot;headerlink&quot; title=&quot;第七章 适配器模式 - 不兼容结构的协调&quot;&gt;&lt;/a&gt;第七章 适配器模式 - 不兼容结构的协调&lt;/h1&gt;&lt;h2
        
      
    
    </summary>
    
      <category term="设计模式" scheme="http://luokaiii.github.io/categories/%E8%AE%BE%E8%AE%A1%E6%A8%A1%E5%BC%8F/"/>
    
    
      <category term="读书笔记" scheme="http://luokaiii.github.io/tags/%E8%AF%BB%E4%B9%A6%E7%AC%94%E8%AE%B0/"/>
    
  </entry>
  
  <entry>
    <title>《Java Design Patterns》第六章 建造者模式 - 复杂对象的组装与创建</title>
    <link href="http://luokaiii.github.io/2019/07/05/%E8%AF%BB%E4%B9%A6%E7%AC%94%E8%AE%B0/%E3%80%8AJavaDesignPatterns%E3%80%8B/8.%E5%BB%BA%E9%80%A0%E8%80%85%E6%A8%A1%E5%BC%8F/"/>
    <id>http://luokaiii.github.io/2019/07/05/读书笔记/《JavaDesignPatterns》/8.建造者模式/</id>
    <published>2019-07-05T03:00:00.000Z</published>
    <updated>2019-07-09T02:45:53.613Z</updated>
    
    <summary type="html">
    
      &lt;h1 id=&quot;第六章-建造者模式-复杂对象的组装与创建&quot;&gt;&lt;a href=&quot;#第六章-建造者模式-复杂对象的组装与创建&quot; class=&quot;headerlink&quot; title=&quot;第六章 建造者模式 - 复杂对象的组装与创建&quot;&gt;&lt;/a&gt;第六章 建造者模式 - 复杂对象的组装与创建&lt;/h1&gt;&lt;h2 id=&quot;一、设计一个游戏角色&quot;&gt;&lt;a href=&quot;#一、设计一个游戏角色&quot; class=&quot;headerlink&quot; title=&quot;一、设计一个游戏角色&quot;&gt;&lt;/a&gt;一、设计一个游戏角色&lt;/h2&gt;&lt;p&gt;作为 RPG 游戏的一个重要组成部分，游戏角色拥有其特定的性别、脸型、服装、发型等外部特性。&lt;/p&gt;
&lt;p&gt;无论何种造型的游戏角色，它们的创建步骤都大同小异，都需要逐步创建其组成部分，再将各组成部分装配成一个完整的游戏角色。&lt;/p&gt;
&lt;p&gt;而建造者模式就是为了解决，各个组件组合为复杂对象的问题。&lt;/p&gt;
&lt;p&gt;&lt;img src=&quot;https://i.loli.net/2019/07/09/5d23ff6fa777253811.png&quot; alt=&quot;建造者模式&quot;&gt;&lt;/p&gt;
    
    </summary>
    
      <category term="设计模式" scheme="http://luokaiii.github.io/categories/%E8%AE%BE%E8%AE%A1%E6%A8%A1%E5%BC%8F/"/>
    
    
      <category term="读书笔记" scheme="http://luokaiii.github.io/tags/%E8%AF%BB%E4%B9%A6%E7%AC%94%E8%AE%B0/"/>
    
  </entry>
  
  <entry>
    <title></title>
    <link href="http://luokaiii.github.io/2019/07/01/%E8%AF%BB%E4%B9%A6%E7%AC%94%E8%AE%B0/%E3%80%8A%E9%AB%98%E6%80%A7%E8%83%BDMySQL%E3%80%8B/6.MySQL%E5%AD%98%E5%82%A8%E5%BC%95%E6%93%8E/"/>
    <id>http://luokaiii.github.io/2019/07/01/读书笔记/《高性能MySQL》/6.MySQL存储引擎/</id>
    <published>2019-07-01T02:49:01.468Z</published>
    <updated>2019-07-01T02:49:01.468Z</updated>
    
    <summary type="html">
    
      
      
        
        
          &lt;h1 id=&quot;第六章-MySQL-中的存储引擎&quot;&gt;&lt;a href=&quot;#第六章-MySQL-中的存储引擎&quot; class=&quot;headerlink&quot; title=&quot;第六章 MySQL 中的存储引擎&quot;&gt;&lt;/a&gt;第六章 MySQL 中的存储引擎&lt;/h1&gt;&lt;h2
        
      
    
    </summary>
    
    
  </entry>
  
  <entry>
    <title></title>
    <link href="http://luokaiii.github.io/2019/07/01/%E8%AF%BB%E4%B9%A6%E7%AC%94%E8%AE%B0/%E3%80%8A%E9%AB%98%E6%80%A7%E8%83%BDMySQL%E3%80%8B/20.%E6%95%B0%E6%8D%AE%E5%BA%93%E8%A1%A8%E7%BB%93%E6%9E%84%E5%AE%9E%E8%B7%B5/"/>
    <id>http://luokaiii.github.io/2019/07/01/读书笔记/《高性能MySQL》/20.数据库表结构实践/</id>
    <published>2019-07-01T02:49:01.465Z</published>
    <updated>2019-07-01T02:49:01.465Z</updated>
    
    <summary type="html">
    
      
      
        
        
          &lt;h1 id=&quot;第六章-MySQL-中的存储引擎&quot;&gt;&lt;a href=&quot;#第六章-MySQL-中的存储引擎&quot; class=&quot;headerlink&quot; title=&quot;第六章 MySQL 中的存储引擎&quot;&gt;&lt;/a&gt;第六章 MySQL 中的存储引擎&lt;/h1&gt;&lt;h2
        
      
    
    </summary>
    
    
  </entry>
  
  <entry>
    <title></title>
    <link href="http://luokaiii.github.io/2019/07/01/%E8%AF%BB%E4%B9%A6%E7%AC%94%E8%AE%B0/%E3%80%8A%E9%AB%98%E6%80%A7%E8%83%BDMySQL%E3%80%8B/11.MySQL%E5%B8%B8%E7%94%A8%E5%91%BD%E4%BB%A4/"/>
    <id>http://luokaiii.github.io/2019/07/01/读书笔记/《高性能MySQL》/11.MySQL常用命令/</id>
    <published>2019-07-01T02:49:01.464Z</published>
    <updated>2019-07-01T02:49:01.464Z</updated>
    
    <summary type="html">
    
      
      
        
        
          &lt;ol&gt;
&lt;li&gt;&lt;p&gt;检查 MySQL 数据库存放目录&lt;/p&gt;
&lt;ol&gt;
&lt;li&gt;&lt;p&gt;进入MySQL，执行 `show variables like ‘%dir%’&lt;/p&gt;
&lt;/li&gt;
&lt;li&gt;&lt;pre class=&quot; language-text&quot;&gt;&lt;code
        
      
    
    </summary>
    
    
  </entry>
  
</feed>
